labels,predictions
0.0,0.26373810888960647
0.0,0.36044957716483134
0.45999999999999996,0.5686670967555641
0.04,0.4188037752772121
0.0,0.22107547884669174
0.24,0.24499926967364657
0.04,0.3004227925787162
0.02,0.6016201242072932
0.0,0.3716641955043537
0.0,0.11123259547569643
0.02,0.40956513683308005
0.22000000000000003,0.43399892884599683
0.06,0.3092404480295138
0.27999999999999997,0.6745742212188212
0.6,0.7095741604847756
0.04,0.37580207060593945
0.06,0.5145292657236099
0.0,0.23098221312198172
0.04,0.21577582566669085
0.0,0.1689311149446014
0.0,0.5064824425901463
0.02,0.585054451366055
0.26,0.4880345576541387
0.1,0.5422506210770164
0.0,0.6323930737591654
0.0,0.3920009570709321
0.0,0.5793586978575507
0.02,0.6981645236760232
0.38,0.45553541139914805
0.06,0.6150228460971646
0.06,0.34695092681086026
0.02,0.6397219659987148
0.1,0.49819786937611776
0.3,0.6984364243151953
0.0,0.4164404525870777
0.0,0.3352437755986666
0.06,0.42188546986775305
0.06,0.6785106177031076
0.06,0.4699333186601859
0.0,0.5410871365926371
0.18,0.34326550599850697
0.02,0.30213477915352255
0.08,0.6961369572711751
0.18,0.6457381144833158
0.3,0.4558347303109093
0.0,0.15468811958814013
0.2,0.7445630490639011
0.64,0.7564182151942281
0.27999999999999997,0.7423859445460589
0.04,0.48374218203423264
0.36,0.6261278818388473
0.0,0.3149773468462022
0.0,0.45943266215042705
0.33999999999999997,0.5845235392104556
0.0,0.6262289182096465
0.0,0.20248467050811747
0.0,0.43103903185903325
0.02,0.2967566684677622
0.0,0.6825073520168495
0.0,0.3867483433848442
0.22000000000000003,0.6863478511297062
0.1,0.4446642759780655
0.02,0.46205235343624557
0.0,0.4441017575036966
0.0,0.38643187866233153
0.3,0.4612823294665026
0.04,0.5038616656081345
0.13999999999999999,0.38410263602877825
0.13999999999999999,0.6285537319871842
0.12,0.6009699217737756
0.0,0.07500649831846422
0.16,0.570534760346941
0.02,0.5560491259690359
0.02,0.26818049233241853
0.0,0.30725206031166447
0.0,0.18877293404299395
0.27999999999999997,0.5550583779157193
0.0,0.6337895769566245
0.0,0.24461043005506264
0.12,0.8177603261162446
0.8,0.5179320241323578
0.16,0.4001618029754312
0.0,0.47480970915628257
0.45999999999999996,0.7016849771461492
0.0,0.5189017065193201
0.48,0.4626196886562328
0.0,0.6216723694506834
0.02,0.3351347223391144
0.06,0.589504466551224
0.04,0.6530311862811742
0.04,0.37305778048678406
0.86,0.8804181452792053
0.0,0.21689057738196016
0.26,0.6458689632491696
0.0,0.455678469221161
0.12,0.512259578246214
0.0,0.3371032918304964
0.0,0.4580219787314288
0.0,0.16033205550039048
0.2,0.7263896717413834
0.22000000000000003,0.5624668855984977
0.0,0.5986817352755491
0.1,0.6115126873389706
0.02,0.6514353322520918
0.0,0.10456027470841948
0.0,0.2961124594184972
0.32,0.6812037876294234
0.02,0.18723916104931837
0.08,0.8376078606451536
0.26,0.8527799158226292
0.2,0.5526708346139817
0.0,0.5627020635551258
0.0,0.09573708184230492
0.8800000000000001,0.7105705793766763
0.0,0.13045005405840462
0.22000000000000003,0.6313979895231211
0.0,0.7197093115838026
0.06,0.4315446125991311
0.06,0.6567042353297273
0.0,0.5078300351769595
0.72,0.5000377314058775
0.0,0.6492788443774097
0.06,0.3520825508237842
0.0,0.2965566164879604
0.06,0.656305605380888
0.04,0.47838767206860505
0.22000000000000003,0.892946220225682
0.42000000000000004,0.680761519319724
0.2,0.16914288657826704
0.08,0.6537893043258439
0.27999999999999997,0.49216192865693403
0.0,0.6740891518829999
0.0,0.44905897799449324
0.02,0.40685432559485246
0.52,0.3369140499837581
0.6599999999999999,0.5631568325257154
0.0,0.443054535348302
0.13999999999999999,0.6763140316333556
0.04,0.47281138234810516
0.0,0.5218870090358463
0.82,0.7143883206300321
0.0,0.4758341870688847
0.0,0.3255383146525479
0.02,0.6382410831868395
0.08,0.6479995231889658
0.0,0.33336047826041987
0.0,0.07922989730203238
0.6599999999999999,0.6419615628166061
0.12,0.5084464333012351
0.0,0.47227165836120355
0.0,0.26340199854734336
0.12,0.25427507729657833
0.13999999999999999,0.3609676855493733
0.16,0.4095150508203941
0.72,0.8847120873880935
0.0,0.3640272757560274
0.26,0.6587124882238017
0.06,0.5323730977965803
0.0,0.6255555034187716
0.04,0.5821507126611907
0.26,0.47000493827210493
0.06,0.34558669510506174
0.12,0.5073965097245074
0.62,0.5735270389880793
0.0,0.2889061336629404
0.13999999999999999,0.8479179955687166
0.0,0.27219930832653655
0.48,0.7102150145891832
0.27999999999999997,0.8316029020437034
0.12,0.4093500035714069
0.24,0.35198820901776623
0.5599999999999999,0.6340804096969257
0.1,0.6957685526521451
0.04,0.5027398383753158
0.0,0.2626743660026691
0.02,0.5498786929701571
0.18,0.8533812872467055
0.32,0.5760229043762302
0.0,0.3286322824255632
0.0,0.13562810798098515
0.0,0.4902111760151112
0.0,0.2908074252710398
0.13999999999999999,0.555336531478617
0.08,0.5536175437736902
0.13999999999999999,0.4603188699419707
0.36,0.2938095067708974
0.04,0.5448260582770196
0.0,0.29794394248173733
0.06,0.3536835003697645
0.0,0.4956736942535537
0.86,0.8687968054177673
0.0,0.41574847022542405
0.0,0.32863143486800434
0.0,0.27817524182997816
0.5,0.6958372937227311
0.0,0.26218623326583007
0.44000000000000006,0.8214423776810255
0.78,0.6340624446755461
0.5599999999999999,0.7710308153830988
0.13999999999999999,0.3792184989971616
0.72,0.5194031341691465
0.06,0.11934590041141249
0.6599999999999999,0.37348783909670424
0.08,0.32582012158383783
0.6,0.710801418330552
0.33999999999999997,0.5581196582938365
0.74,0.6243348990470475
0.2,0.617707187344701
0.58,0.6085545456562516
0.0,0.38436211614037036
0.26,0.7412877551504456
0.0,0.4892563277090485
0.76,0.5839591803616432
0.78,0.6745548243407012
0.02,0.46307060779018216
0.54,0.49786534011759664
0.6,0.3210466040200445
0.45999999999999996,0.674763983078849
0.0,0.10612399155385485
0.1,0.4687233541287032
0.0,0.17816848466584415
0.0,0.2984740070262636
0.5,0.4711377690256224
0.02,0.5720686828857052
0.4,0.7356695919434101
0.04,0.39233786348080324
0.02,0.8056161329304441
0.0,0.5636164771826359
0.1,0.6481090054606728
0.0,0.3442796289917642
0.13999999999999999,0.6676797468694878
0.06,0.7197789907311061
0.0,0.3087204631347093
0.02,0.37459195664171707
0.0,0.550716485573342
0.3,0.7974175347236462
0.22000000000000003,0.6423856465798068
0.72,0.5195299510354141
0.0,0.3483642407155592
0.16,0.7998112992944051
0.9,0.833628420669107
0.0,0.4094719002843443
0.02,0.3901295241293858
0.0,0.17422093446262393
0.6799999999999999,0.6149303726171447
0.0,0.3513031655267142
0.06,0.3660034328006074
0.0,0.6828089455244446
0.0,0.42924587457718894
0.7,0.5885288768172889
0.0,0.4125704379471829
0.04,0.36596858779008107
0.0,0.39385535650956904
0.44000000000000006,0.6726554056197824
0.0,0.4759946134901024
0.06,0.4501356039457874
0.9199999999999999,0.529389886011637
0.04,0.2463783686452414
0.26,0.5473162140276482
0.0,0.7189177792268413
0.0,0.34754127241744365
0.0,0.28291125167054876
0.0,0.3107239475749549
0.04,0.6207331710987435
0.22000000000000003,0.5344492350032449
0.04,0.3196820127337606
0.0,0.6429626133475638
0.44000000000000006,0.24184883616300692
0.0,0.24413422397869083
0.02,0.7099830812181912
0.74,0.8334101163532632
0.0,0.7412750253535952
0.0,0.22295765557079508
0.06,0.37960950268518856
0.4,0.8024603839030793
0.0,0.5229618350350461
0.0,0.40833420428844863
0.44000000000000006,0.6255858436618495
0.26,0.6883060831739104
0.0,0.5761688331638753
0.13999999999999999,0.3222321022506297
0.52,0.6177025219785921
0.0,0.15021220394463522
0.02,0.23865539941792988
0.27999999999999997,0.38311549173100495
0.0,0.2732717725022012
0.5,0.5159132600855441
0.06,0.005386260601701462
0.16,0.638092645527783
0.0,0.19353499259600598
0.02,0.5865734253363654
0.78,0.589330357569686
0.0,0.2642063169218146
0.48,0.732382914203558
0.0,0.33782351212116496
0.0,0.3983695028372729
0.22000000000000003,0.8166428417111607
0.0,0.5227307789906908
0.5,0.5214463185520504
0.02,0.2960811937747113
0.02,0.5752396931734528
0.0,0.32902612104033035
0.06,0.258824961578279
0.0,0.3650438975358956
0.0,0.08782263669876979
0.06,0.3665629859969407
0.36,0.796989756524744
0.44000000000000006,0.4813327982621262
0.3,0.5168152457917188
0.18,0.7693277046237127
0.0,0.4655983425008461
0.06,0.5573208793939605
0.0,0.37267814272400385
0.04,0.598285649774204
0.0,0.11039963787427094
0.0,0.2241544557846575
0.0,0.5347136655583077
0.0,0.408488637569975
0.3,0.5364812567584404
0.22000000000000003,0.4769652737825618
0.0,0.1221542084221746
0.0,0.4594144713278278
0.7,0.595757878760908
0.08,0.5599196443123087
0.0,0.34408055127437365
0.0,0.2895478791241742
0.04,0.5244180194721781
0.13999999999999999,0.2524401637606769
0.2,0.4234012360956088
0.0,0.37095041741269713
0.12,0.5475025230642341
0.12,0.8792244873254261
0.44000000000000006,0.45597070361015374
0.02,0.2947693369179966
0.0,0.3959981230474308
0.0,0.43846581163614845
0.74,0.7539197045408002
0.58,0.3237438440653591
0.08,0.36533787347154495
0.0,0.1828817568834442
0.38,0.33446479423917674
0.33999999999999997,0.6906447723888468
0.0,0.21279999419131565
0.42000000000000004,0.45188086289425944
0.6799999999999999,0.47534240176177467
0.02,0.4201371011606148
0.0,0.2781605884854082
0.04,0.47725443420359936
0.18,0.5490923269500079
0.22000000000000003,0.27770486785174225
0.02,0.4133089515998279
0.7,0.7905930804564874
0.0,0.3730018718896661
0.06,0.31343453647331915
0.0,0.3652629233440024
0.58,0.650407589634271
0.5599999999999999,0.761441055007443
0.0,0.45887183251629066
0.08,0.558746890480348
0.9,0.9190945519913023
0.26,0.6172938888878947
0.06,0.7040138207882932
0.0,0.4231259032859647
0.0,0.45282595520780794
0.24,0.5305618288027116
0.36,0.4566055514925446
0.0,0.2779440187282034
0.0,0.6585483501356194
0.0,0.6314779413616506
0.26,0.621940731103005
0.08,0.25692095749798805
0.08,0.06482213264973968
0.04,0.2913265042588523
0.72,0.594043690485162
0.74,0.6715168315096955
0.0,0.5873804972858232
0.0,0.23137830494480155
0.6599999999999999,0.6245916054112215
0.0,0.5057217557191789
0.04,0.40789166076183436
0.0,0.6465377486942796
0.02,0.5498786929701571
0.0,0.340041929782037
0.0,0.3910232121030794
0.0,0.10668138411529653
0.0,0.2590075025387515
0.02,0.3609486033905278
0.0,0.5622870767407099
0.13999999999999999,0.5780689348564557
0.24,0.6160058922589506
0.6599999999999999,0.39789570758168064
0.02,0.492312917560668
0.86,0.5300470032833156
0.0,0.3721841356768951
0.16,0.2964215497975679
0.08,0.6526347825903562
0.0,0.6169428035690053
0.42000000000000004,0.7045797650943133
0.0,0.4753761396727234
0.33999999999999997,0.4259781311915217
0.13999999999999999,0.7819042918313626
0.0,0.029116594650626392
0.02,0.6214459949824602
0.42000000000000004,0.6315204842996669
0.13999999999999999,0.46484402946395986
0.0,0.17761420455766402
0.1,0.23589662180779467
0.02,0.32304100414311093
0.4,0.5060924309867328
0.0,0.5831564924936034
0.0,0.3633857624107777
0.0,0.3787995201327109
0.58,0.6068329993346604
0.04,0.38429800747509
0.0,0.38259827715211475
0.72,0.7612386772486399
0.0,0.11326344633471709
0.0,0.6990471393812953
0.0,0.17317622773981323
0.0,0.369524313083134
0.16,0.8456453761590071
0.08,0.3334543646667661
0.0,0.4479202027078277
0.82,0.8194468191852516
0.44000000000000006,0.7269761014221375
0.8,0.7457949036061396
0.45999999999999996,0.7542528593848582
0.2,0.5459573563613404
0.22000000000000003,0.5781335637169346
0.12,0.6099102347149999
0.6799999999999999,0.940871298202463
0.26,0.4037564662966811
0.04,0.45894520311660153
0.0,0.43628121755154503
0.22000000000000003,0.607340417060879
0.0,0.04185422012814257
0.26,0.42908552409935874
0.32,0.5568046301897502
0.12,0.5296443271024431
0.06,0.7065645570040513
0.45999999999999996,0.7668896325877289
0.0,0.48427992215865545
0.02,0.634352726587804
0.18,0.6299430003523989
0.1,0.5200394619391198
0.06,0.7282355128138678
0.04,0.7049023045432568
0.3,0.37164464070174574
0.4,0.6485295938784857
0.1,0.4132228745345387
0.0,0.8407299168417816
0.3,0.21296881998066167
0.0,0.36152590906410637
0.0,0.5334892135956815
0.06,0.48448968826722594
0.4,0.8214423776810255
0.04,0.5558984117435919
0.0,0.6697068631971043
0.02,0.6712806862647835
0.0,0.3850756552636743
0.22000000000000003,0.5221272835387405
0.3,0.4565449113719522
0.02,0.4440037956663255
0.0,0.3127981474536391
0.0,0.17186153127600284
0.32,0.6184169004218523
0.08,0.43946323256646325
0.58,0.8966332798595275
0.18,0.4302791621552519
0.0,0.48207057698713796
0.0,0.3891391295397845
0.02,0.7315864816044945
0.0,0.4755920558060225
0.1,0.2286489679157571
0.0,0.07738595771270394
0.0,0.4213965085628911
0.0,0.6596830442626275
0.22000000000000003,0.6010284371419943
0.0,0.18389177217655348
0.0,0.22528541565319476
0.0,0.41618434586725367
0.45999999999999996,0.4140484764774706
0.1,0.2677034299362151
0.6799999999999999,0.3320906365628382
0.0,0.18038598763054048
0.78,0.4585758903653203
0.1,0.46995339306324524
0.0,0.3881987265247909
0.6799999999999999,0.5649822162736505
0.6599999999999999,0.31347915076778066
0.22000000000000003,0.3673944250533743
0.18,0.6518438555211159
0.0,0.2560325819448561
0.1,0.40236374949508075
0.42000000000000004,0.5108322775548012
0.58,0.5316515990617544
0.0,0.21269565233620263
0.16,0.7414256268919659
0.0,0.36466290148671304
0.0,0.3574109617694354
0.08,0.5548767090163529
0.0,0.29134226741271657
0.48,0.7800196101596645
0.22000000000000003,0.5082705319992465
0.64,0.3509366790477783
0.06,0.7065438799140714
0.0,0.14237488519551367
0.44000000000000006,0.5123447786101211
0.06,0.5146162124540826
0.06,0.2770912094194351
0.0,0.45211758609169955
0.0,0.2794215029927574
0.62,0.43981155386670684
0.0,0.3517386760764602
0.06,0.6092005721663509
0.18,0.49785734878420373
0.6,0.4250176880336642
0.44000000000000006,0.7378739718642287
0.0,0.2563559684894837
0.32,0.23216409504340277
0.0,0.3330140747966763
0.0,0.4237475002970533
0.0,0.524516396926347
0.0,0.35860304610389876
0.0,0.017562977423916333
0.0,0.4270064732984841
0.33999999999999997,0.40586427115637624
0.08,0.7427893710270872
0.02,0.35943381097548116
0.02,0.6256603502317404
0.0,0.2640531989226925
0.0,0.6260109400559131
0.02,0.26569623696231776
0.27999999999999997,0.4206463526771921
0.0,0.47935581353976414
0.2,0.5430896635234624
0.18,0.5447534577298672
0.1,0.4209480548394315
0.3,0.5862680613505844
0.5599999999999999,0.6467878547082414
0.0,0.613334456861026
0.0,0.36259817372960756
0.24,0.4344962845126851
0.02,0.7119185004883518
0.0,0.31112489503387103
0.0,0.2893905106717852
0.02,0.31164218345402317
0.0,0.5565398188226385
0.0,0.172231835586271
0.04,0.35524903177841843
0.0,0.24651457094758106
0.0,0.3956273858641428
0.6,0.3078547538302229
0.6599999999999999,0.5907454780640893
0.0,0.4445573515969294
0.1,0.41003801150683616
0.24,0.47070369285833613
0.16,0.6015140992570701
0.0,0.4259560963386917
0.13999999999999999,0.6669448411491011
0.12,0.30516705351937523
0.0,0.4260823736988522
0.22000000000000003,0.546862059153893
0.0,0.31221550559347777
0.02,0.3992640845029821
0.7,0.3541182354136904
0.27999999999999997,0.5802867631438825
0.0,0.24711483371082923
0.0,0.40294103160155287
0.0,0.29934648513025874
0.06,0.5427500081703458
0.0,0.34894406789779137
0.0,0.39166404845933767
0.13999999999999999,0.7130663974269241
0.0,0.462607004248645
0.02,0.6453308275638114
0.04,0.3569593531534396
0.02,0.342621072001195
0.32,0.5251681376903602
0.64,0.45341426128610246
0.0,0.426860205153734
0.04,0.3529894802321199
0.0,0.24954396037970855
0.1,0.308439454962687
0.1,0.5994257548680871
0.08,0.5143085648659297
0.8,0.6148099681105836
0.04,0.4813028684973438
0.54,0.7115518238341478
0.0,0.21486025653185278
0.04,0.6254469447620875
0.0,0.522473085069405
0.12,0.7993981592588817
0.0,0.42007440882259384
0.0,0.33667415455755095
0.0,0.4253402900879051
0.02,0.4813694165545241
0.22000000000000003,0.4528478981088554
0.0,0.5073410291375511
0.08,0.6132964666605436
0.04,0.3935811750082941
0.0,0.2946566679357577
0.64,0.7196200886374974
0.06,0.5418770613878676
0.0,0.281347582950009
0.02,0.6020334029933684
0.0,0.00799094274478929
0.27999999999999997,0.4749249952460064
0.0,0.7293931731432376
0.0,0.699899985394211
0.12,0.5291467144980697
0.04,0.2770912094194351
0.06,0.4028489326223532
0.0,0.4788368824696722
0.02,0.27067626165853087
0.1,0.31051492553129295
0.1,0.7597201457900926
0.04,0.5211527270528425
0.0,0.41864008258788077
0.86,0.7174690214573288
0.0,0.14921272350707038
0.8,0.5681027310428034
0.02,0.2930626111582899
0.0,0.3359767132903966
0.0,0.43237410397230863
0.0,0.47928179203174265
0.33999999999999997,0.3672192633914482
0.16,0.5345479597040003
0.0,0.07467277235745991
0.5,0.7674925771224742
0.3,0.6603829857384008
0.0,0.49321248291539205
0.12,0.7244852854763856
0.2,0.8285332335620774
0.04,0.6175880732698729
0.27999999999999997,0.7963585247370845
0.0,0.4227983533267818
0.0,0.20112808833367102
0.06,0.6671620516460077
0.06,0.6005637869031402
0.0,0.5079066524406423
0.1,0.33059215084631255
0.4,0.5784570637693006
0.7,0.4895168146442964
0.1,0.5247255490935737
0.38,0.6314337218324825
0.5599999999999999,0.7166330474245797
0.0,0.42319535514501055
0.26,0.5060212239403515
0.0,0.20577162581107722
0.0,0.5086844796606635
0.16,0.4593764279041589
0.38,0.5090261983016753
0.0,0.37890345403984554
0.38,0.735585516538338
0.0,0.12513098431480052
0.18,0.487917508168028
0.0,0.13814232569462043
0.24,0.43477765181207717
0.02,0.43036625856771155
0.0,0.3013092394822058
0.52,0.4029360592537051
0.5599999999999999,0.494306296208443
0.0,0.5057241892109835
0.62,0.6831276221447578
0.24,0.5555246390367301
0.02,0.41958684648220534
0.18,0.7950505645558221
0.0,0.2261582564249957
0.5599999999999999,0.2374109632617714
0.02,0.48757188469772084
0.0,0.12197231372184689
0.0,0.4670437770365643
0.02,0.35563740819488315
0.0,0.22737987000518745
0.24,0.7170145615712574
0.45999999999999996,0.6394372019488878
0.64,0.49498055043050215
0.0,0.316004089512955
0.04,0.5678972137880446
0.24,0.5114056255061282
0.78,0.45862005435944203
0.0,0.20520144752713068
0.0,0.4774978788888449
0.54,0.6304696913220155
0.24,0.5898624312470371
0.02,0.5675773959488051
0.32,0.35180570336290135
0.32,0.6899033300119328
0.0,0.5857365449972566
0.0,0.5322103362426786
0.1,0.5956883260977692
0.58,0.5402404793323676
0.0,0.5227430326848899
0.0,0.42251494411345
0.0,0.25989714073798353
0.0,0.26304268338082704
0.08,0.790500462256668
0.18,0.38197716874537696
0.26,0.4892665741711565
0.0,0.3523005127106853
0.0,0.7000950198330614
0.2,0.5685549071525134
0.04,0.7654810216246425
0.0,0.31565921558800664
0.06,0.2679225337770447
0.02,0.40025379473669864
0.06,0.7111344801940482
0.0,0.32886697067785026
0.0,0.32571533413350146
0.2,0.6331335780594133
0.0,0.23194750299134087
0.0,-0.00989898775965137
0.26,0.3627334554788759
0.62,0.8535659073079306
0.33999999999999997,0.6128023609694628
0.4,0.4785152805781035
0.02,0.5828339169548302
0.27999999999999997,0.5242828788403475
0.0,0.4501202574339143
0.26,0.45791297136835307
0.04,0.44253529699587457
0.78,0.481719898340435
0.16,0.45218467896138664
0.45999999999999996,0.5817977037827663
0.16,0.3676272036716356
0.02,0.20337057811812412
0.0,0.3017626525678415
0.1,0.43155403570597217
0.22000000000000003,0.5631383343795786
0.16,0.7824707471342869
0.0,0.33264309920844387
0.0,0.6372462778037451
0.0,0.3147638545773761
0.8400000000000001,0.6989409705934556
0.06,0.7778076314571803
0.0,0.3234628413996028
0.0,0.04650154649832157
0.0,0.38409005015615555
0.0,0.4890617524587718
0.4,0.4223640310374464
0.0,0.4490745943378932
0.04,0.612311514286826
0.06,0.7104664171202525
0.0,0.43097237132691996
0.6599999999999999,0.6458632350978686
0.26,0.5144416652909497
0.0,0.31121959831514884
0.08,0.43368745424883975
0.4,0.6490843993013679
0.04,0.341466120007794
0.0,0.38579878568255194
0.0,0.35666905662040044
0.02,0.37861024039235314
0.0,0.1911822985724018
0.08,0.6983961053611776
0.9199999999999999,0.6763515265168045
0.76,0.7420675951359742
0.48,0.7012321932768645
0.27999999999999997,0.5370555331067741
0.0,0.22094866982053418
0.0,0.6359843387857388
0.08,0.720194334129255
0.02,0.5219596063268066
0.0,0.3582604233506962
0.58,0.6504370652787629
0.02,0.4198883294646319
0.0,0.26972150630179187
0.2,0.5284202368096149
0.42000000000000004,0.7676190788087929
0.7,0.8104260746176006
0.02,0.5355627542637159
0.72,0.3509366790477783
0.36,0.07506348368077077
0.26,0.5995210284886048
0.33999999999999997,0.665828572079605
0.6,0.6571027574775009
0.02,0.6741965279987588
0.36,0.596800102315689
0.45999999999999996,0.22302567650865948
0.02,0.564584031197877
0.32,0.4451847523708861
0.48,0.5733716997589948
0.02,0.31415807218253244
0.0,0.44909488232667183
0.0,0.4679098400825853
0.0,0.32151482791340935
0.9199999999999999,0.7666145266045722
0.0,0.35426319251258365
0.0,0.4484033783676998
0.0,0.27944770781633316
0.12,0.4765392922062494
0.0,0.3918476775197971
0.0,0.4005527691034783
0.4,0.8280129608990742
0.5,0.6786675941249691
0.0,0.4799032862037212
0.02,0.708582084924595
0.0,0.18757101135849558
0.0,0.42164001973391063
0.02,0.7884052751467958
0.12,0.34581661187017865
0.02,0.7079873669877755
0.0,0.39996104249274755
0.0,0.42506357266634376
0.24,0.5181486588950693
0.22000000000000003,0.43949537743765704
0.02,0.6153962113940513
0.02,0.5894118477995208
0.06,0.3985482580243933
0.0,0.26913362752305947
0.02,0.41400548541404947
0.18,0.7743634763880344
0.42000000000000004,0.26470443486561707
0.0,0.05316706508830104
0.24,0.5897887553430715
0.0,0.3709278028844348
0.16,0.5569627230678842
0.5,0.6992434343814533
0.02,0.42544940217884536
0.02,0.20525401658312228
0.18,0.6308345141996305
0.42000000000000004,0.6185744729320807
0.0,0.4597006431748915
0.86,0.28768228567324594
0.86,0.5634737013591329
0.02,0.7360397549263852
0.0,0.41402412882612455
0.04,0.36872604826306093
0.22000000000000003,0.3557045867620159
0.0,0.38998855041281427
0.0,0.6174557977884246
0.0,0.48402694443570093
0.52,0.5573705228805506
0.62,0.653549811638192
0.0,0.369810864755537
0.0,0.2829793950324881
0.22000000000000003,0.4684938963185938
0.04,0.42729031797412453
0.1,0.4985216662070793
0.0,0.29791320917932795
0.2,0.7439872747453338
0.1,0.32372906027264375
0.8400000000000001,0.88504205707203
1.0,1.0
0.48,0.5004277931059288
0.62,0.6774165427519889
0.02,0.2947693369179966
0.08,0.3568898342827728
0.04,0.09243639494928971
0.27999999999999997,0.7771759716289854
0.0,0.4826394067383778
0.12,0.4267155954745843
0.24,0.7016214957110382
0.08,0.5997046304324423
0.0,0.5013372765995963
0.06,0.6614632910102957
0.02,0.33852146081913514
0.12,0.8121675168916063
0.18,0.706158003860061
0.0,0.5913156808607423
0.08,0.39963055772120776
0.08,0.5954828309124218
0.02,0.5613565563818225
0.06,0.5988409289904084
0.02,0.884006953853613
0.2,0.49113223550775886
0.0,0.26851067212134044
0.18,0.7846025336230913
0.13999999999999999,0.40470026075909654
0.24,0.277006908021432
0.0,0.11516523823841826
0.26,0.5561186871753682
0.02,0.47021468341534045
0.24,0.6414752236160438
0.1,0.5898951468156034
0.12,0.5482913480378867
0.0,0.4885252474957492
0.5599999999999999,0.6085545456562516
0.3,0.4805061897276202
0.02,0.41484296697919526
0.06,0.379980345924462
0.0,0.41751142461240304
0.6,0.7933035044903636
0.44000000000000006,0.6454096041222397
0.16,0.5347479050027878
0.02,0.6185944362989114
0.86,0.6866593765529837
0.04,0.5436218927037634
0.0,0.517770153559313
0.58,0.5751581816669025
0.0,0.28114377170043015
0.22000000000000003,0.4736819369303377
0.08,0.7353376957334988
0.0,0.4429205186743685
0.6799999999999999,0.8919201077970021
0.3,0.8352047860912504
0.0,0.33948805996079096
0.0,0.2156586315525964
0.0,0.8590630476987452
0.0,0.5215044729963759
0.33999999999999997,0.5576558108575617
0.32,0.4730894111534857
0.0,0.35218458624116106
0.04,0.48995432685399215
0.0,0.28345706319877506
0.0,0.04488331628166642
0.36,0.7894371179930206
0.04,0.605312160270324
0.0,0.5582163409138549
0.1,0.33902421643426306
0.06,0.5128018346590288
0.0,0.28644607943528105
0.1,0.3309151032033644
0.7,0.6303475502643646
0.38,0.604343047292053
0.48,0.6783309874013381
0.06,0.31965913891828746
0.26,0.4593764279041589
0.42000000000000004,0.5718377263319987
0.82,0.7535004652637208
0.02,0.706648491141989
0.04,0.11904071549895162
0.0,0.5617436350157025
0.27999999999999997,0.4558142933738809
0.1,0.5934277587520596
0.0,0.48423435030934114
0.16,0.5309733742354479
0.45999999999999996,0.40252445063715786
0.0,0.36255230889963674
0.0,0.22372701065759595
0.5,0.6430102947902451
0.0,0.41037009582122413
0.0,0.46222750992228023
0.02,0.2000625623569889
0.0,0.14563731000280686
0.6599999999999999,0.7521583194332537
0.0,0.5247851849955628
0.96,0.7394626573139047
0.04,0.16852829712852171
0.24,0.5144174835097363
0.06,0.6106805374817068
0.06,0.40541062558307145
0.1,0.3166050953182248
0.0,0.1395202603069307
0.26,0.43139493662138834
0.0,0.28911443704390877
0.04,0.9099475447986108
0.38,0.6284252845071487
0.04,0.4313109906773929
0.27999999999999997,0.32855505153189846
0.0,0.559576946117153
0.0,0.316021998545431
0.13999999999999999,0.6856232238476341
0.0,0.4116665694950086
0.08,0.3570254191017653
0.0,0.5107802969826248
0.0,0.19193264452349443
0.0,0.19939446879044614
0.44000000000000006,0.7041809136300968
0.0,0.4762043031066923
0.8400000000000001,0.6901306714058921
0.0,0.48696830478454617
0.0,0.538567398144113
0.0,0.6719995169262896
0.02,0.22869112048593476
0.42000000000000004,0.5743634063279328
0.33999999999999997,0.6741375068063649
0.0,0.21542511356704647
0.4,0.6209273840042212
0.1,0.6512676824852823
0.0,0.21369627267903413
0.0,0.49055494795329607
0.64,0.17501475162146787
0.0,0.2646094038657512
0.04,0.37092439753964246
0.0,0.10112744319238662
0.0,0.2863903907783107
0.06,0.5448309441864273
0.0,0.3392976890206721
0.13999999999999999,0.3125741102894334
0.0,0.32646478429552434
0.0,0.6021462739579246
0.12,0.411802000837463
0.22000000000000003,0.5146161625118683
0.0,0.275783764138863
0.08,0.7235131895016181
0.04,0.48155852668286747
0.0,0.21185411876499208
0.0,0.349620223835819
0.0,0.6552053269648963
0.0,0.4062530129749305
0.0,0.6811348164580607
0.52,0.8011466074720189
0.38,0.45240536007141946
0.33999999999999997,0.39168519929483475
0.32,0.49924067901178204
0.5,0.7469002743479674
0.24,0.7785364989196935
0.13999999999999999,0.32950676268032253
0.0,0.3148695290668749
0.06,0.3700510027464329
0.0,0.43149264157894907
0.02,0.3660034328006074
0.04,0.4796612320339481
0.0,0.6449517305661115
0.04,0.4691124816460867
0.24,0.6062125439584822
0.13999999999999999,0.5962917362356788
0.06,0.35524903177841843
0.02,0.4705634297669352
0.5599999999999999,0.5678444821100115
0.0,0.22075156345542543
0.16,0.7516175934245033
0.12,0.14727861184149527
0.45999999999999996,0.6558316482108406
0.06,0.19606710553472007
0.18,0.5225438222630985
0.36,0.43646709127059324
0.02,0.67332375204979
0.8400000000000001,0.8706951996428491
0.04,0.33682487933049515
0.22000000000000003,0.6157255332705467
0.5599999999999999,0.717920050667341
0.38,0.6073710169391257
0.22000000000000003,0.48204915502028134
0.0,0.39662373177378707
0.08,0.5717420574490372
0.13999999999999999,0.45008634470429104
0.0,0.22745709189360305
0.22000000000000003,0.5759443324355946
0.45999999999999996,0.5072553944307344
0.0,0.22363608975475013
0.26,0.7351164815697674
0.0,0.23858744656060132
0.0,0.3376276886128322
0.04,0.5278063529726266
0.3,0.6693792677896293
0.0,0.4695801843329131
0.0,0.5213931483519287
0.5599999999999999,0.9374792914853166
0.0,0.3627973217010271
0.8,0.6607254236602891
0.04,0.3866379588441705
0.3,0.5439884264069645
0.06,0.6105722134264485
0.0,0.23523839317531514
0.0,0.15971066807927817
0.0,0.5523270023928553
0.0,0.40428256410807306
0.0,0.5136294492970929
0.74,0.6077273780964854
0.74,0.654172227303012
0.0,0.17834097810080543
0.0,0.05073090656849714
0.27999999999999997,0.7354035606449059
0.0,0.1356239519614724
0.02,0.6273508314777214
0.0,0.3407190158229238
0.12,0.3951380213045411
0.33999999999999997,0.42747898843854637
0.1,0.4411065804088482
0.02,0.5121417368747665
0.04,0.4075499441071365
0.0,0.27748851917012407
0.16,0.3533014536689037
0.0,0.3061169446458181
0.08,0.7200687343003047
0.0,0.4661672751828202
0.0,0.35088611383741364
0.0,0.32392415648981665
0.9,0.7733211671434969
0.02,0.6253462877170655
0.5599999999999999,0.6711597142337855
0.0,0.4732081051640579
0.0,0.4817856675892576
0.02,0.5758460225656609
0.0,0.3548195545157462
0.0,0.6144397620454828
0.08,0.6891153491290749
0.0,0.5619988232157287
0.3,0.6131240167363343
0.7,0.7380983206713535
0.13999999999999999,0.5367994707378358
0.08,0.27482522737579096
0.27999999999999997,0.4347496013493611
0.0,0.1447512454706865
0.0,0.4623085860761849
0.22000000000000003,0.295812539094572
0.18,0.5040491311656927
0.0,0.5646703816602283
0.0,0.5564691372397562
0.0,0.4153170809864138
0.0,0.3509697222120144
0.0,0.4617677613960282
0.0,0.44131015171555116
0.13999999999999999,0.6163899202366149
0.2,0.5510560469035125
0.18,0.287942662759818
0.0,0.41737096671183616
0.02,0.3457368071434792
0.6,0.6201472568143491
0.02,0.6936807469023126
0.0,0.37200495649130233
0.08,0.43250146167622944
0.0,0.30403843653912993
0.04,0.4438855056670144
0.32,0.2832810237703362
0.0,0.5192789475028676
0.0,0.2604432194094728
0.18,0.4823849422779097
0.0,0.5013485037580464
0.0,0.42414308973928994
0.0,0.3334753054087118
0.4,0.7296110799382738
0.0,0.24854990072056132
0.06,0.5486788460699158
0.0,0.06715100897175943
0.0,0.15321964456926115
0.0,0.24271299345771313
0.72,0.6676375359905966
0.18,0.8316029020437034
0.0,0.3789100056245109
0.02,0.5836716637611244
0.0,0.16485511308352424
0.08,0.33523868747580204
0.0,0.38321024722771535
0.0,0.2727990755990218
0.02,0.3088783831488196
0.0,0.6776910273371329
0.02,0.5048492009886492
0.8400000000000001,0.6987928035672741
0.0,0.1287862025381252
0.74,0.46405932476558465
0.02,0.6157152035490394
0.27999999999999997,0.5919049679166012
0.22000000000000003,0.2923953675335519
0.24,0.7178121819718509
0.0,0.33629044316148254
0.6,0.6385963090832718
0.12,0.5907199560032617
0.26,0.6975270971930654
0.0,0.17018903221166864
0.52,0.6580192570800915
0.0,0.10233818795912458
0.0,0.4510747560726751
0.0,0.3500317431591768
0.02,0.3900067295932571
0.0,0.32322690219659866
0.1,0.4627876488508078
0.02,0.5070584239863823
0.27999999999999997,0.5272701425263772
0.0,0.4869852097543147
0.0,0.08600204249501134
0.2,0.2964042650449935
0.08,0.6038225719503331
0.0,0.22594072762143758
0.0,0.18186185844568922
0.76,0.7535578517979231
0.0,0.29264797125061587
0.04,0.5396297645736532
0.6599999999999999,0.6479839993432487
0.0,0.17547926648809092
0.13999999999999999,0.35006285884087196
0.02,0.5382566177764335
0.02,0.6408901738140265
0.18,0.5625306695692873
0.0,0.19975332844517568
0.0,0.26336996481001224
0.18,0.6191863843211771
0.1,0.4494587133409735
0.33999999999999997,0.629635194873795
0.24,0.5305618288027116
0.0,0.6001177993299723
0.0,0.29089823477275784
0.0,0.168209445332128
0.0,0.134219573580318
0.0,0.40659581571716585
0.6,0.619539156064953
0.0,0.2160601926086688
0.0,0.547731115083197
0.0,0.4183696863075427
0.02,0.49869993534223117
0.0,-0.051149516788035754
0.72,0.45449211170433185
0.26,0.08049793234198661
0.27999999999999997,0.2739785187174535
0.48,0.5893533530308014
0.7,0.7371120560781663
0.0,0.6553897257910722
0.0,0.159372404941656
0.9,0.6500934547999864
0.0,0.27268928572425394
0.04,0.5582575310064035
0.8800000000000001,0.6307552888066603
0.0,0.4819946345374072
0.22000000000000003,0.3968743909834995
0.04,0.4724127664617368
0.0,0.3594615657066028
0.6599999999999999,0.861311191743265
0.42000000000000004,0.553581107212263
0.1,0.5535977856317659
0.26,0.4612823294665026
0.38,0.8154802184588221
0.0,0.6570244637873887
0.0,0.3926685913944648
0.0,0.49822033909251073
0.0,0.620097773288478
0.0,0.46105956228309053
0.1,0.7048242519805185
0.36,0.4680246150501446
0.16,0.5784076904198963
0.54,0.48176118573600585
0.13999999999999999,0.5549210037643537
0.0,0.43267022818107936
0.06,0.7894751977564595
0.22000000000000003,0.5000529733783838
0.06,0.47686082659489515
0.0,0.4966364248492255
0.0,0.4539866491258833
0.3,0.7587298968096927
0.13999999999999999,0.8111422235684558
0.0,0.35445113232847564
0.2,0.5942300613039588
0.0,0.4254717163547136
0.0,0.45037401879728256
0.12,0.4650878351309871
0.0,0.0820582354488859
0.13999999999999999,0.5627164066653599
0.1,0.7819042918313626
0.08,0.5720174031844963
0.0,0.30670449700775304
0.24,0.41991707005853496
0.0,0.36706966212886966
0.0,0.28370414502865177
0.1,0.4512583696619933
0.8,0.5808260235162978
0.32,0.5220790512590909
0.06,0.24415692396928582
0.22000000000000003,0.29969257757226475
0.0,0.41495913405702217
0.0,0.08178283154897364
0.0,0.5260531618340075
0.02,0.46512460965387253
0.0,0.5319710542485288
0.04,0.34380789733360245
0.6799999999999999,0.7703103351985688
0.0,0.2369173471134517
0.12,0.64031603671751
0.04,0.638444779286828
0.02,0.5781815280072937
0.1,0.5602248258356227
0.0,0.22425225718724973
0.0,0.6119356663146516
0.0,0.4161881970078431
0.26,0.30748363423387043
0.06,0.39314212002991406
0.38,0.6356781437391141
0.16,0.7744644258300599
0.0,0.11445221837518318
0.6599999999999999,0.6815729930139408
0.0,0.48592319467731837
0.0,0.2618878668255748
0.3,0.5125338218937892
0.22000000000000003,0.8324399513534244
0.02,0.6469309094939405
0.38,0.4544627766716365
0.0,0.06517934195417563
0.0,0.3352247849799236
0.0,0.32784801161060906
0.0,0.317569742469436
0.54,0.483903314888741
0.08,0.2390746890041619
0.0,0.4841415130182018
0.02,0.562721354187535
0.02,0.6993631944705878
0.27999999999999997,0.5725561689997785
0.1,0.8023122111803068
0.08,0.683063825593924
0.0,0.040884480212471035
0.62,0.5649043264016798
0.0,0.4628831152057417
0.9,0.6961879795547063
0.8,0.8659420006559023
0.0,0.4363198738368922
0.1,0.30954193631617183
0.06,0.4258299478519534
0.38,0.7588678536051477
0.18,0.8501404528240987
0.0,0.9399932278318048
0.32,0.43272964476160836
0.0,0.36346370303049946
0.0,0.27516903670952036
0.0,0.42840398322920736
0.12,0.6529523983038508
0.18,0.31359708295749106
0.02,0.8593770659991977
0.02,0.7318456753790763
0.0,0.27876670032514683
0.08,0.37895395490889383
0.02,0.8068867622669541
0.0,0.5982460448893846
0.13999999999999999,0.5068645443305231
0.02,0.575073195824701
0.36,0.5020970562299563
0.0,0.5157419476686106
0.0,0.3611301836345819
0.0,0.2564360248519155
0.8,0.36763174419399125
0.0,0.2326098642454611
0.02,0.5644382125428614
0.42000000000000004,0.38272111534838704
0.0,0.1373116135303894
0.2,0.5272083714289345
0.0,0.10417507991613466
0.08,0.4351171064022016
0.16,0.3920072755153973
0.32,0.5887039747200286
0.06,0.48992888339143587
0.33999999999999997,0.6973253304080314
0.5599999999999999,0.5595413871052666
0.1,0.7509621495874177
0.02,0.5249162319793265
0.13999999999999999,0.3688708368181143
0.0,0.4567939772753474
0.0,0.2051495863616463
0.0,0.18550401132968855
0.0,0.4589658821123795
0.0,0.24811219982143207
0.0,0.3236087250159149
0.24,0.4817975180005949
0.12,0.5708674898570285
0.0,0.7790540111505742
0.0,0.6903124973412104
0.12,0.6230175198714492
0.16,0.3711482482839509
0.0,0.22641899267747834
0.0,0.49327039312737425
0.0,0.4555013862658712
0.0,0.39543657906308155
0.52,0.3558998155858233
0.0,0.3032529401998775
0.24,0.7061877176344865
0.33999999999999997,0.7342663429517207
0.0,0.37731341038782484
0.6,0.6993777687664267
0.0,0.1670462770548472
0.02,0.46906852405705984
0.74,0.7371120560781663
0.02,0.9448296682998844
0.0,0.6914873567796231
0.24,0.6669448411491011
0.04,0.2930715601726653
0.0,0.4161881970078431
0.0,0.5173012221313781
0.12,0.38704976965868904
0.6799999999999999,0.5177631616733277
0.18,0.46142259535564056
0.3,0.5398297963233277
0.0,0.4340111583681693
